Post,Tag 1,Tag 2,Tag 3,Tag 4,Tag 5
-1,,,wwwwwwwwwwwwwwwwwwwwwwww,wwwwwwwwwwwwwwwwwwwwwwww,wwwwwwwwwwwwwwwwwwwwwwww
633,support,t-scope,c-authorship,s-legal,
6919,discussion,t-scope,c-authorship,c-purpose,s-legal
6994,discussion,t-scope,c-authorship,c-purpose,s-legal
9377,discussion,t-scope,c-authorship,s-legal,
5875,discussion,t-scope,c-authorship,s-maintainer,
7233,discussion,t-scope,c-authorship,s-maintainer,
8459,discussion,t-scope,c-authorship,s-maintainer,
1294,discussion,t-scope,c-authorship,,
1450,discussion,t-scope,c-authorship,,
4985,discussion,t-scope,c-authorship,,
5612,support,t-scope,c-authorship,,
8445,discussion,t-scope,c-authorship,,
8642,support,t-scope,c-authorship,,
9032,support,t-scope,c-authorship,,
9238,support,t-scope,c-authorship,,
9268,support,t-scope,c-authorship,s-maintainer,
240,support,t-scope,c-best-practice,,
383,discussion,t-scope,c-best-practice,,
1299,support,t-scope,c-best-practice,,
699,support,t-policy,c-broken,s-known-bug,
2265,discussion,t-scope,c-broken,s-known-bug,
2337,discussion,t-scope,c-broken,s-known-bug,
2417,support,t-scope,c-broken,s-known-bug,
3841,support,t-scope,c-broken,s-known-bug,
5489,support,t-scope,c-broken,s-known-bug,
6733,support,t-scope,c-broken,s-troubleshooting,
6790,discussion,t-scope,c-broken,s-known-bug,
8394,support,t-policy,c-broken,s-known-bug,x-moderation
8446,discussion,t-scope,c-broken,s-known-bug,
8449,support,t-scope,c-broken,s-known-bug,
8809,discussion,t-scope,c-broken,s-known-bug,
9046,discussion,t-scope,c-broken,s-known-bug,
9071,support,t-scope,c-broken,s-known-bug,
9201,discussion,t-scope,c-broken,s-known-bug,
9448,support,t-scope,c-broken,s-known-bug,
44,discussion,t-scope,c-broken,s-troubleshooting,
52,discussion,t-scope,c-broken,s-troubleshooting,
5104,support,t-scope,c-broken,s-troubleshooting,
6784,support,t-scope,c-broken,s-troubleshooting,
7091,support,t-scope,c-broken,s-troubleshooting,
8463,support,t-scope,c-broken,s-troubleshooting,
8956,support,t-scope,c-broken,s-troubleshooting,
7335,support,t-scope,c-broken,s-ignore,
9044,discussion,t-scope,c-broken,s-ignore,
1907,support,t-scope,c-broken,s-unknown-bug,
2113,discussion,t-policy,c-broken,s-unknown-bug,x-moderation
3708,support,t-scope,c-broken,s-unknown-bug,
5333,support,t-scope,c-broken,s-unknown-bug,
5358,support,t-scope,c-broken,s-unknown-bug,
5854,support,t-policy,c-broken,s-unknown-bug,
7113,support,t-scope,c-broken,s-unknown-bug,
8440,support,t-scope,c-broken,s-unknown-bug,
8570,support,t-scope,c-broken,s-unknown-bug,
8872,support,t-scope,c-broken,s-unknown-bug,
8925,support,t-scope,c-broken,s-unknown-bug,
9255,support,t-scope,c-broken,s-unknown-bug,
9440,support,t-scope,c-broken,s-unknown-bug,
781,discussion,t-scope,c-broken,s-correctness,
1005,discussion,t-scope,c-broken,s-correctness,
1793,support,t-scope,c-broken,s-correctness,
6613,support,t-scope,c-broken,s-correctness,
1215,support,t-scope,c-broken,s-feature-request,
1234,support,t-scope,c-broken,s-feature-request,
5206,support,t-scope,c-broken,s-feature-request,
8852,discussion,t-scope,c-broken,s-feature-request,
2189,support,t-scope,c-broken,s-translating,
6849,support,t-scope,c-broken,s-translating,
8532,support,t-scope,c-broken,s-translating,
5038,discussion,t-scope,c-broken,s-nonstandard,
5707,support,t-scope,c-broken,s-nonstandard,
512,discussion,t-scope,c-broken,s-security,
1527,discussion,t-scope,c-broken,s-security,
2224,discussion,t-scope,c-broken,s-security,
6664,discussion,t-scope,c-broken,s-security,
154,discussion,t-scope,c-broken,s-scale,
978,discussion,t-scope,c-broken,s-scale,
1258,discussion,t-scope,c-broken,s-scale,
1306,discussion,t-scope,c-broken,s-scale,
1850,discussion,t-scope,c-broken,s-scale,
2163,discussion,t-scope,c-broken,s-scale,
2317,support,t-scope,c-broken,s-scale,
2331,discussion,t-scope,c-broken,s-scale,
2585,discussion,t-scope,c-broken,s-scale,
5450,support,t-scope,c-broken,s-scale,
5482,discussion,t-scope,c-broken,s-scale,
6722,support,t-scope,c-broken,s-scale,
6829,discussion,t-scope,c-broken,s-scale,
6957,discussion,t-scope,c-broken,s-scale,
7361,support,t-scope,c-broken,s-scale,
8829,support,t-scope,c-broken,s-scale,
8908,discussion,t-scope,c-broken,s-scale,
801,support,t-scope,c-broken,s-unknown-bug,x-moderation
941,support,t-scope,c-broken,,
2062,support,t-scope,c-broken,c-bounties,x-moderation
5298,support,t-scope,c-broken,s-unknown-bug,x-moderation
6425,support,t-policy,c-broken,s-unknown-bug,x-moderation
6834,support,t-scope,c-broken,x-moderation,
8492,support,t-policy,c-broken,s-unknown-bug,x-moderation
8939,support,t-scope,c-broken,,
8976,support,t-scope,c-broken,,
9078,support,t-policy,c-broken,s-unknown-bug,x-moderation
9095,support,t-policy,c-broken,s-unknown-bug,x-moderation
2300,discussion,t-policy,c-broken,c-editing,
2559,discussion,t-policy,c-broken,c-editing,
5688,discussion,t-policy,c-broken,s-unknown-bug,c-editing
6217,support,t-policy,c-broken,s-unknown-bug,c-editing
6945,support,t-policy,c-broken,c-editing,
1073,discussion,t-scope,c-broken,,
1312,discussion,t-policy,c-broken,c-comments,
2535,support,t-scope,c-broken,,
9126,support,t-scope,c-broken,,
8421,support,t-scope,c-broken,c-context,
525,support,t-scope,c-context,s-pseudo-code,
594,discussion,t-scope,c-context,s-pseudo-code,
862,discussion,t-scope,c-context,s-pseudo-code,
720,support,t-scope,c-context,s-example-code,
813,discussion,t-scope,c-context,s-example-code,
1991,discussion,t-scope,c-context,s-example-code,
2349,discussion,t-scope,c-context,s-example-code,
3853,discussion,t-scope,c-context,s-example-code,
4989,support,t-scope,c-context,s-example-code,
5227,support,t-policy,c-context,s-example-code,c-bounties
5913,support,t-scope,c-context,s-example-code,
6234,support,t-scope,c-context,s-example-code,
1709,discussion,t-scope,c-context,s-hypothetical-code,
1981,discussion,t-scope,c-context,s-hypothetical-code,
3663,support,t-scope,c-context,s-hypothetical-code,
8804,support,t-scope,c-context,s-hypothetical-code,
5052,support,t-scope,c-context,s-sample-code,
427,discussion,t-scope,c-context,s-complete,
1290,support,t-scope,c-context,s-complete,
1880,support,t-scope,c-context,s-complete,
1916,discussion,t-scope,c-context,s-complete,
1922,discussion,t-scope,c-context,s-complete,
1978,support,t-scope,c-context,s-complete,
2144,support,t-scope,c-context,s-complete,
5163,support,t-scope,c-context,s-complete,
5170,support,t-policy,c-context,s-complete,
6371,support,t-scope,c-context,s-complete,
6702,support,t-scope,c-context,s-complete,
7249,support,t-scope,c-context,s-complete,
8937,support,t-scope,c-context,s-complete,
9252,support,t-scope,c-context,s-complete,
689,support,t-scope,c-context,,
2368,support,t-scope,c-context,c-migrations,
3634,support,t-scope,c-context,,
5426,support,t-scope,c-context,,
5636,support,t-scope,c-context,,
5732,support,t-scope,c-context,,
6109,support,t-scope,c-context,,
6367,support,t-scope,c-context,,
7011,support,t-scope,c-context,,
7178,support,t-scope,c-context,,
8421,support,t-scope,c-context,c-broken,
8521,support,t-scope,c-context,,
8554,support,t-scope,c-context,,
8579,support,t-scope,c-broken,s-feature-request,
8726,support,t-scope,c-context,,
8756,support,t-scope,c-context,,
8786,support,t-scope,c-context,,
8905,support,t-scope,c-context,,
8943,support,t-scope,c-context,,
9039,support,t-scope,c-context,,
9058,support,t-scope,c-context,c-description,
436,discussion,t-scope,c-context,,
695,discussion,t-scope,c-context,,
1536,support,t-scope,c-design,,
1804,support,t-scope,c-context,,
2148,support,t-scope,c-best-practice,,
2289,support,t-scope,c-context,,
2408,support,t-scope,c-context,,
3799,discussion,t-scope,c-context,,
4973,discussion,t-scope,c-scope,,
5069,support,t-scope,c-context,,
5211,support,t-scope,c-scope,,
5511,support,t-scope,c-context,,
5984,support,t-scope,c-context,,
5988,support,t-scope,c-context,,
6080,discussion,t-scope,c-context,,
7093,discussion,t-scope,c-context,,
8890,discussion,t-scope,c-context,,
8927,support,t-scope,c-context,,
9053,support,t-scope,c-context,,
9213,discussion,t-scope,c-context,,
9437,discussion,t-scope,c-context,,
334,discussion,t-scope,c-description,,
1226,discussion,t-scope,c-description,,
1938,support,t-scope,c-description,,
2285,discussion,t-scope,c-description,,
5297,discussion,t-policy,c-description,,
5478,support,t-scope,c-description,,
5603,discussion,t-scope,c-description,,
7082,support,t-scope,c-description,,
7364,discussion,t-scope,c-description,,
8640,support,t-scope,c-description,,
8827,support,t-scope,c-description,,
9278,support,t-scope,c-description,,
74,discussion,t-scope,c-design,,
149,discussion,t-scope,c-design,,
213,support,t-policy,c-design,,
371,support,t-scope,c-design,,
825,discussion,t-scope,c-design,,
1486,support,t-scope,c-design,,
1536,support,t-scope,c-design,,
1924,discussion,t-scope,c-design,,
2008,support,t-scope,c-design,,
2308,discussion,t-scope,c-design,,
5473,support,t-scope,c-design,,
6092,support,t-scope,c-design,,
6416,support,t-scope,c-design,,
6533,support,t-policy,c-design,,
6571,support,t-scope,c-design,,
6685,support,t-scope,c-design,,
6904,support,t-scope,c-design,,
7331,support,t-policy,c-design,,
8910,support,t-scope,c-design,,
9145,support,t-scope,c-design,,
10467,support,t-scope,c-design,,
2516,support,t-scope,c-design,s-language,
7066,support,t-scope,c-design,s-language,
9232,support,t-scope,c-design,s-language,
8,discussion,t-scope,c-duplicates,,
287,discussion,t-scope,c-duplicates,,
412,discussion,t-scope,c-duplicates,,
653,support,t-scope,c-duplicates,,
739,support,t-stack-exchange,c-duplicates,,
1960,discussion,t-scope,c-duplicates,,
3835,support,t-policy,c-duplicates,,
5886,discussion,t-policy,c-duplicates,,
6353,support,t-scope,c-duplicates,,
6935,support,t-scope,c-duplicates,,
7181,support,t-stack-exchange,c-duplicates,,
9298,discussion,t-policy,c-duplicates,,
198,discussion,t-scope,c-ignorant,,
360,support,t-scope,c-ignorant,,
966,support,t-scope,c-ignorant,,
2364,support,t-scope,c-ignorant,,
3781,support,t-scope,c-ignorant,,
5979,support,t-scope,c-ignorant,,
6656,support,t-scope,c-ignorant,,
6963,support,t-scope,c-ignorant,,
7362,support,t-scope,c-ignorant,,
9021,support,t-scope,c-ignorant,,
9129,discussion,t-scope,c-ignorant,,
10,discussion,t-stack-exchange,c-inline,,
134,discussion,t-scope,c-inline,,
215,support,t-scope,c-inline,,
289,feature-request,t-stack-exchange,c-inline,,
467,discussion,t-policy,c-inline,,
548,support,t-policy,c-inline,,
661,support,t-scope,c-inline,,
667,support,t-scope,c-inline,,
733,support,t-scope,c-inline,,
920,support,t-scope,c-inline,,
956,support,t-scope,c-inline,,
1045,support,t-scope,c-inline,,
1308,support,t-scope,c-inline,,
1342,support,t-scope,c-inline,,
1416,support,t-scope,c-inline,,
4943,support,t-scope,c-inline,,
5033,discussion,t-scope,c-inline,,
5065,support,t-scope,c-inline,,
5340,support,t-scope,c-inline,,
5487,support,t-scope,c-inline,,
5513,support,t-policy,c-inline,,
5871,support,t-scope,c-inline,,
6934,support,t-scope,c-inline,,
7294,support,t-scope,c-inline,,
8608,support,t-scope,c-inline,,
8806,support,t-scope,c-inline,,
8880,support,t-scope,c-inline,,
9026,support,t-scope,c-inline,,
9198,support,t-scope,c-inline,,
327,discussion,t-scope,c-language-scope,,
530,discussion,t-scope,c-language-scope,,
539,discussion,t-scope,c-language-scope,,
645,discussion,t-scope,c-language-scope,,
2409,discussion,t-scope,c-language-scope,,
2461,discussion,t-scope,c-language-scope,,
2562,discussion,t-scope,c-language-scope,,
5000,discussion,t-scope,c-language-scope,,
5131,discussion,t-scope,c-language-scope,,
5923,discussion,t-scope,c-language-scope,,
5947,discussion,t-scope,c-language-scope,,
5960,discussion,t-scope,c-language-scope,,
6518,discussion,t-scope,c-language-scope,,
7278,discussion,t-scope,c-language-scope,,
7315,support,t-scope,c-language-scope,,
7337,discussion,t-scope,c-language-scope,,
8409,discussion,t-scope,c-language-scope,,
8598,discussion,t-scope,c-language-scope,,
9272,discussion,t-scope,c-language-scope,,
9310,discussion,t-scope,c-language-scope,,
9414,discussion,t-scope,c-language-scope,,
539,discussion,t-scope,c-language-scope,,
1025,discussion,t-scope,c-language-scope,,
1345,discussion,t-scope,c-language-scope,,
1541,discussion,t-scope,c-language-scope,,
1616,discussion,t-scope,c-language-scope,,
1841,discussion,t-scope,c-language-scope,,
1930,discussion,t-scope,c-language-scope,,
2118,discussion,t-scope,c-language-scope,,
4973,discussion,t-scope,c-language-scope,,
5011,discussion,t-scope,c-language-scope,,
5119,discussion,t-scope,c-language-scope,,
5213,discussion,t-scope,c-language-scope,,
5398,discussion,t-scope,c-language-scope,,
6593,discussion,t-scope,c-language-scope,,
6730,discussion,t-scope,c-language-scope,,
6797,discussion,t-scope,c-language-scope,,
6973,discussion,t-scope,c-language-scope,,
8990,discussion,t-scope,c-language-scope,,
9372,discussion,t-scope,c-language-scope,,
611,discussion,t-scope,c-language-scope,,
843,support,t-scope,c-language-scope,,
2426,discussion,t-scope,c-language-scope,,
6060,discussion,t-scope,c-language-scope,,
6766,discussion,t-scope,c-language-scope,,
9182,discussion,t-scope,c-language-scope,,
683,discussion,t-scope,c-language-scope,,
1967,discussion,t-scope,c-language-scope,,
50,discussion,t-scope,c-purpose,,
62,discussion,t-scope,c-purpose,,
144,discussion,t-scope,c-purpose,,
157,discussion,t-scope,c-purpose,,
285,discussion,t-scope,c-purpose,,
329,discussion,t-scope,c-purpose,,
374,discussion,t-scope,c-purpose,,
429,discussion,t-scope,c-purpose,,
502,discussion,t-scope,c-purpose,,
510,discussion,t-scope,c-purpose,,
557,discussion,t-scope,c-purpose,,
715,discussion,t-scope,c-purpose,,
728,discussion,t-scope,c-purpose,,
1000,support,t-scope,c-purpose,,
1517,discussion,t-scope,c-purpose,,
1998,discussion,t-scope,c-purpose,,
2353,discussion,t-scope,c-purpose,,
2508,discussion,t-scope,c-purpose,,
3742,discussion,t-scope,c-purpose,,
3873,discussion,t-scope,c-purpose,,
3914,discussion,t-scope,c-purpose,,
5082,discussion,t-scope,c-purpose,,
5120,discussion,t-scope,c-purpose,,
5146,discussion,t-scope,c-purpose,,
5155,discussion,t-scope,c-purpose,,
5197,discussion,t-scope,c-purpose,,
5506,discussion,t-scope,c-purpose,,
5848,discussion,t-scope,c-purpose,,
6303,discussion,t-scope,c-purpose,,
6359,discussion,t-scope,c-purpose,,
6404,discussion,t-scope,c-purpose,,
6484,discussion,t-scope,c-purpose,,
6607,discussion,t-scope,c-purpose,,
6608,discussion,t-scope,c-purpose,,
6643,discussion,t-scope,c-purpose,,
6715,discussion,t-scope,c-purpose,,
6788,discussion,t-scope,c-purpose,,
6894,discussion,t-scope,c-purpose,,
7141,discussion,t-scope,c-purpose,,
8781,discussion,t-scope,c-purpose,,
8800,discussion,t-scope,c-purpose,,
8958,discussion,t-scope,c-purpose,,
9154,discussion,t-scope,c-purpose,,
9338,discussion,t-scope,c-purpose,,
10480,discussion,t-scope,c-purpose,,
460,discussion,t-scope,c-purpose,,
2479,discussion,t-scope,c-purpose,,
60,discussion,t-scope,c-size,,
325,discussion,t-scope,c-size,,
364,support,t-scope,c-size,,
466,discussion,t-scope,c-size,,
537,discussion,t-scope,c-size,,
607,discussion,t-scope,c-size,,
702,discussion,t-scope,c-size,,
706,discussion,t-scope,c-size,,
713,feature-request,t-stack-exchange,c-size,,
729,discussion,t-scope,c-size,,
807,support,t-scope,c-size,,
1016,feature-request,t-scope,c-size,c-close-reasons,
1338,support,t-scope,c-size,,
1425,support,t-scope,c-size,,
1475,support,t-scope,c-size,,
1583,discussion,t-scope,c-size,,
1826,support,t-scope,c-size,,
1919,support,t-scope,c-size,,
2324,support,t-scope,c-size,,
5430,support,t-scope,c-size,,
6295,support,t-scope,c-size,,
6351,support,t-scope,c-size,,
6649,support,t-scope,c-size,,
6772,support,t-policy,c-size,,
7201,support,t-scope,c-size,,
8405,support,t-policy,c-size,,
8775,support,t-scope,c-size,,
9428,support,t-scope,c-size,,
710,discussion,t-scope,c-size,s-golf,
943,discussion,t-scope,c-size,s-golf,
2357,discussion,t-scope,c-size,s-golf,
5906,support,t-scope,c-size,s-golf,
6952,support,t-scope,c-size,s-golf,
2361,support,t-policy,c-size,x-moderation,
267,support,t-policy,c-specific,,
726,discussion,t-scope,c-specific,,
866,discussion,t-scope,c-specific,,
885,discussion,t-scope,c-specific,,
952,discussion,t-scope,c-specific,,
1276,discussion,t-scope,c-specific,c-tags,s-burnation
1625,discussion,t-scope,c-specific,,
1884,discussion,t-scope,c-specific,,
2335,discussion,t-scope,c-specific,c-broken,s-feature-request
2453,discussion,t-scope,c-specific,,
3751,support,t-scope,c-specific,,
3839,support,t-policy,c-specific,,
5045,support,t-scope,c-specific,,
5404,support,t-scope,c-specific,,
5789,discussion,t-scope,c-specific,,
6021,discussion,t-scope,c-specific,,
6273,discussion,t-scope,c-specific,,
6523,discussion,t-scope,c-specific,,
6762,discussion,t-scope,c-specific,,
6780,discussion,t-scope,c-specific,,
6830,discussion,t-scope,c-specific,,
8373,discussion,t-scope,c-specific,,
8496,discussion,t-scope,c-specific,,
8789,discussion,t-scope,c-specific,,
8796,discussion,t-scope,c-specific,,
8916,discussion,t-scope,c-specific,c-broken,s-translating
9028,discussion,t-scope,c-specific,,
9342,discussion,t-scope,c-specific,,
9277,discussion,t-scope,c-specific,,
7076,discussion,t-scope,c-unimplemented,,
9188,support,t-scope,c-unimplemented,,
12,discussion,t-scope,c-scope,,
196,discussion,t-scope,c-scope,,
456,discussion,t-scope,c-scope,,
755,discussion,t-scope,c-scope,,
2377,discussion,t-policy,c-scope,,
2571,discussion,t-policy,c-scope,,
2599,discussion,t-scope,c-scope,,
3719,support,t-scope,c-scope,,
5187,discussion,t-scope,c-scope,,
5364,discussion,t-scope,c-scope,,
5379,support,t-scope,c-scope,,
6255,discussion,t-scope,c-scope,,
6282,discussion,t-scope,c-scope,,
6778,discussion,t-scope,c-scope,,
6874,discussion,t-scope,c-scope,,
6924,support,t-scope,c-scope,c-description,
6939,discussion,t-scope,c-scope,,
7345,support,t-scope,c-scope,,
8895,support,t-scope,c-scope,,
9100,discussion,t-scope,c-scope,,
9286,discussion,t-policy,c-scope,c-site-policy,
9335,discussion,t-scope,c-scope,,
8487,support,t-scope,c-scope,,
393,discussion,t-policy,c-answers,s-automation,
5244,discussion,t-policy,c-answers,s-automation,
5249,discussion,t-policy,c-answers,s-automation,
5283,discussion,t-policy,c-answers,s-automation,
20,discussion,t-policy,c-answers,s-amount,
1053,discussion,t-policy,c-answers,s-amount,
1548,discussion,t-policy,c-answers,s-amount,
5796,support,t-policy,c-answers,s-amount,
8430,discussion,t-policy,c-answers,s-amount,
13,discussion,t-policy,c-answers,s-body,
99,discussion,t-policy,c-answers,s-body,
986,discussion,t-policy,c-answers,s-body,
2456,discussion,t-policy,c-answers,s-body,
2058,discussion,t-policy,c-answers,s-body,
4975,discussion,t-policy,c-answers,s-body,
5395,support,t-policy,c-answers,s-body,
5492,discussion,t-policy,c-answers,s-body,
6654,discussion,t-policy,c-answers,s-body,
6855,discussion,t-policy,c-answers,s-body,
8778,discussion,t-policy,c-answers,s-body,
9035,discussion,t-policy,c-answers,s-body,
1008,discussion,t-policy,c-answers,s-size,
1491,discussion,t-policy,c-answers,s-size,
2209,discussion,t-policy,c-answers,s-size,
2001,discussion,t-policy,c-answers,s-size,
7017,support,t-policy,c-answers,s-size,
8403,support,t-policy,c-answers,s-size,
8490,support,t-policy,c-answers,s-size,
49,discussion,t-policy,c-answers,s-code,
2630,discussion,t-policy,c-answers,s-code,
6824,discussion,t-policy,c-answers,s-code,
6949,discussion,t-policy,c-answers,s-code,
8628,discussion,t-policy,c-answers,s-code,
94,discussion,t-policy,c-answers,s-content,x-fine
109,discussion,t-policy,c-answers,s-content,c-specific
708,discussion,t-policy,c-answers,s-content,
907,discussion,t-policy,c-answers,s-content,
1439,discussion,t-policy,c-answers,s-content,
1739,discussion,t-policy,c-answers,s-content,x-fine
2110,discussion,t-policy,c-answers,s-content,
2161,support,t-policy,c-answers,s-content,
2321,discussion,t-policy,c-answers,s-content,s-size
2346,discussion,t-policy,c-answers,s-content,x-fine
2577,discussion,t-policy,c-answers,s-content,c-specific
2582,discussion,t-policy,c-answers,s-content,
5641,discussion,t-policy,c-answers,s-content,x-reference
5773,discussion,t-policy,c-answers,s-content,c-specific
5857,discussion,t-policy,c-answers,s-content,
5928,discussion,t-policy,c-answers,s-content,
6076,discussion,t-policy,c-answers,s-content,
6309,discussion,t-policy,c-answers,s-content,
6598,support,t-policy,c-answers,s-content,
6695,discussion,t-policy,c-answers,s-content,
6881,discussion,t-policy,c-answers,s-content,
7118,discussion,t-policy,c-answers,s-content,x-fine
9156,discussion,t-policy,c-answers,s-content,
9282,discussion,t-policy,c-answers,s-content,
9301,discussion,t-scope,c-specific,,
9325,discussion,t-policy,c-answers,s-content,
9345,discussion,t-policy,c-answers,s-content,
7333,support,t-policy,c-answers,c-comments,
1766,discussion,t-policy,c-answers,x-moderation,
1868,support,t-policy,c-answers,x-moderation,
2326,discussion,t-policy,c-answers,x-moderation,
2495,discussion,t-policy,c-answers,x-moderation,
1958,discussion,t-policy,c-answers,c-guide,
1990,discussion,t-policy,c-answers,c-guide,
2499,discussion,t-policy,c-answers,c-guide,
5836,support,t-policy,c-answers,c-flags,
9385,support,t-policy,c-answers,c-flags,
6070,discussion,t-policy,c-answers,c-votes,x-moderation
1799,discussion,t-policy,c-answers,s-improve,c-guide
8413,discussion,t-policy,c-answers,s-improve,
9193,support,t-policy,c-answers,s-improve,
338,discussion,t-policy,c-answers,,
1872,discussion,t-policy,c-answers,,
2106,discussion,t-policy,c-answers,,
2169,discussion,t-policy,c-answers,,
5237,discussion,t-policy,c-answers,c-guide,
7193,discussion,t-policy,c-answers,,
8546,discussion,t-policy,c-answers,,
2151,discussion,t-policy,c-answers,s-content,
2399,discussion,t-policy,c-answers,s-content,
3845,discussion,t-policy,c-answers,x-moderation,
5097,discussion,t-policy,c-answers,,
5387,discussion,t-policy,c-answers,x-moderation,
5526,discussion,t-policy,c-answers,,
5725,discussion,t-policy,c-answers,s-content,
5807,discussion,t-policy,c-answers,,
6264,discussion,t-policy,c-answers,,
6388,discussion,t-policy,c-answers,x-moderation,
6815,discussion,t-policy,c-answers,,
8987,discussion,t-policy,c-answers,c-scope,
9303,discussion,t-policy,c-answers,,
54,discussion,t-policy,c-questions,s-accept,
614,discussion,t-policy,c-questions,s-accept,
635,support,t-policy,c-questions,s-accept,
8900,discussion,t-stack-exchange,c-questions,c-answers,
656,discussion,t-policy,c-questions,s-body,
685,discussion,t-policy,c-questions,s-body,
790,discussion,t-policy,c-questions,s-body,
1993,discussion,t-policy,c-questions,s-body,c-description
2402,support,t-policy,c-questions,s-body,
6912,support,t-policy,c-questions,s-body,c-editing
7167,discussion,t-policy,c-questions,s-body,
7188,support,t-policy,c-questions,s-body,
8366,feature-request,t-stack-exchange,c-questions,s-body,
8929,support,t-policy,c-questions,s-body,c-guide
9067,support,t-policy,c-questions,s-body,c-guide
9124,support,t-policy,c-questions,s-body,
453,discussion,t-policy,c-questions,s-code,c-editing
692,discussion,t-policy,c-questions,s-code,c-editing
975,feature-request,t-stack-exchange,c-questions,s-code,
1011,discussion,t-policy,c-questions,s-code,
5427,feature-request,t-stack-exchange,c-questions,s-code,
5916,support,t-policy,c-questions,s-code,c-editing
5955,support,t-policy,c-questions,s-code,
6801,support,t-policy,c-questions,s-code,
8511,support,t-policy,c-questions,s-code,
8913,support,t-policy,c-questions,s-code,
9162,support,t-policy,c-questions,s-code,
6686,discussion,t-stack-exchange,c-questions,c-clippy,
7298,discussion,t-stack-exchange,c-questions,c-clippy,
40,support,t-stack-exchange,c-questions,c-community-wiki,
307,discussion,t-policy,c-questions,s-title,
354,discussion,t-policy,c-questions,s-title,
549,discussion,t-policy,c-questions,s-title,
735,discussion,t-policy,c-questions,s-title,
767,discussion,t-policy,c-questions,s-title,
1593,discussion,t-policy,c-questions,s-title,
1597,discussion,t-stack-exchange,c-questions,s-title,
2454,discussion,t-policy,c-questions,s-title,
3717,feature-request,t-stack-exchange,c-questions,s-title,
5286,feature-request,t-stack-exchange,c-questions,s-title,
6131,discussion,t-stack-exchange,c-questions,s-title,
6291,discussion,t-policy,c-questions,s-title,
8586,feature-request,t-stack-exchange,c-questions,s-title,
8736,discussion,t-policy,c-questions,s-title,
9423,discussion,t-policy,c-questions,s-title,
9465,feature-request,t-stack-exchange,c-questions,s-title,
758,support,t-policy,c-questions,s-improve,
760,support,t-policy,c-questions,s-improve,
3666,support,t-policy,c-questions,s-improve,
5002,support,t-policy,c-questions,s-improve,
5442,support,t-policy,c-questions,s-improve,
5686,support,t-policy,c-questions,s-improve,
6036,support,t-policy,c-questions,s-improve,
6161,support,t-policy,c-questions,s-improve,
6738,support,t-policy,c-questions,s-improve,
7100,discussion,t-policy,c-questions,s-improve,
7244,support,t-policy,c-questions,s-improve,
7340,support,t-policy,c-questions,s-improve,
8482,support,t-policy,c-questions,s-improve,
8527,support,t-policy,c-questions,s-improve,
8647,support,t-policy,c-questions,s-improve,
9190,support,t-policy,c-questions,s-improve,
9235,support,t-policy,c-questions,s-improve,
293,support,t-stack-exchange,c-questions,c-merge,
775,feature-request,t-stack-exchange,c-questions,c-how-to-ask,
3765,feature-request,t-stack-exchange,c-questions,c-how-to-ask,
9271,bug,t-stack-exchange,c-questions,c-how-to-ask,
5309,discussion,t-stack-exchange,c-questions,c-related-questions,
9150,feature-request,t-stack-exchange,c-questions,c-tags,
75,discussion,t-policy,c-questions,c-guide,
455,discussion,t-policy,c-questions,s-accept,
626,discussion,t-policy,c-questions,s-improve,
2423,support,t-policy,c-questions,,
6006,discussion,t-stack-exchange,c-questions,,
6127,discussion,t-policy,c-questions,c-multi-language,
7265,support,t-policy,c-questions,x-moderation,
9348,support,t-policy,c-questions,x-moderation,
2297,discussion,t-policy,c-questions-ot,c-answers,
6604,discussion,t-policy,c-questions-ot,c-answers,
7116,support,t-policy,c-questions-ot,c-answers,x-moderation
8508,discussion,t-policy,c-questions-ot,c-answers,x-moderation
8945,discussion,t-policy,c-questions-ot,c-answers,
997,discussion,t-policy,c-questions-ot,c-bounties,
3816,support,t-policy,c-posts,s-body,
6373,discussion,t-policy,c-posts,s-body,
400,feature-request,t-stack-exchange,c-posts,s-code,
3795,discussion,t-policy,c-posts,s-code,
826,support,t-stack-exchange,c-posts,c-community-wiki,
2234,discussion,t-policy,c-posts,s-formatting,c-guide
2608,discussion,t-policy,c-posts,s-formatting,
347,support,t-stack-exchange,c-bounties,,
355,support,t-stack-exchange,c-bounties,,
521,support,t-stack-exchange,c-bounties,,
2592,discussion,t-policy,c-bounties,,
5217,support,t-stack-exchange,c-bounties,,
8543,support,t-stack-exchange,c-bounties,,
8698,discussion,t-policy,c-bounties,,
8886,discussion,t-policy,c-bounties,,
9363,support,t-stack-exchange,c-bounties,,
9422,discussion,t-stack-exchange,c-bounties,c-help-center,
93,discussion,t-policy,c-chat,,
418,feature-request,t-stack-exchange,c-chat,,
433,discussion,t-policy,c-chat,,
1030,discussion,t-policy,c-chat,,
1085,discussion,t-policy,c-chat,,
1291,discussion,t-stack-exchange,c-chat,,
1633,discussion,t-policy,c-chat,,
1847,discussion,t-policy,c-chat,,
1875,discussion,t-policy,c-chat,,
1948,discussion,t-policy,c-chat,,
2268,discussion,t-policy,c-chat,,
3704,support,t-stack-exchange,c-chat,,
3706,support,t-stack-exchange,c-chat,,
5153,feature-request,t-stack-exchange,c-chat,,
5606,discussion,t-policy,c-chat,,
5615,support,t-policy,c-chat,,
5662,discussion,t-policy,c-chat,,
5967,discussion,t-policy,c-chat,,
6027,feature-request,t-policy,c-chat,,
6362,discussion,t-policy,c-chat,,
6556,discussion,t-policy,c-chat,,
6897,discussion,t-policy,c-chat,,
7048,feature-request,t-policy,c-chat,,
9002,discussion,t-policy,c-chat,,
350,feature-request,t-stack-exchange,c-comments,,
486,discussion,t-policy,c-comments,c-questions,
2619,discussion,t-policy,c-comments,,
3895,support,t-policy,c-comments,x-moderation,
4952,discussion,t-policy,c-comments,x-moderation,
5867,support,t-stack-exchange,c-comments,x-moderation,
5921,support,t-policy,c-comments,,
6711,discussion,t-policy,c-comments,,
6747,discussion,t-policy,c-comments,c-answers,x-moderation
6819,discussion,t-policy,c-comments,c-answers,
8419,support,t-stack-exchange,c-comments,s-formatting,
8874,discussion,t-policy,c-comments,c-questions,x-moderation
9055,support,t-policy,c-comments,x-moderation,
9265,support,t-policy,c-comments,x-moderation,
798,discussion,t-policy,c-comments,c-questions,
796,discussion,t-policy,c-comments,c-questions-ot,
5348,discussion,t-policy,c-comments,c-questions-ot,
6085,discussion,t-policy,c-comments,c-questions-ot,
6926,discussion,t-policy,c-comments,c-questions-ot,
669,support,t-policy,c-delete,c-flags,
932,discussion,t-policy,c-delete,c-scope,
1385,discussion,t-policy,c-delete,,
2027,support,t-stack-exchange,c-delete,,
5215,discussion,t-policy,c-delete,,
5845,discussion,t-policy,c-delete,,
5963,support,t-policy,c-delete,,
6289,discussion,t-policy,c-delete,,
8966,support,t-policy,c-delete,,
9165,support,t-policy,c-delete,,
9257,support,t-policy,c-delete,,
9444,support,t-policy,c-delete,,
343,support,t-stack-exchange,c-edits,,
514,bug,t-stack-exchange,c-edits,,
617,support,t-policy,c-edits,,
620,support,t-stack-exchange,c-edits,c-review-queues,
648,feature-request,t-stack-exchange,c-edits,c-community-wiki,
1076,support,t-stack-exchange,c-edits,,
2123,discussion,t-policy,c-edits,,
2198,support,t-policy,c-edits,,
2240,discussion,t-policy,c-edits,x-moderation,c-questions
2272,discussion,t-policy,c-edits,,
2425,feature-request,t-stack-exchange,c-edits,,
2432,support,t-policy,c-edits,,
2603,support,t-policy,c-edits,,
2604,feature-request,t-stack-exchange,c-edits,,
5183,support,t-policy,c-edits,,
5209,discussion,t-policy,c-edits,,
5633,discussion,t-policy,c-edits,c-questions-ot,
5943,support,t-policy,c-edits,,
6120,discussion,t-policy,c-edits,,
6240,support,t-stack-exchange,c-edits,,
6800,discussion,t-policy,c-edits,,
6862,support,t-stack-exchange,c-edits,,
6863,support,t-policy,c-edits,,
6997,support,t-stack-exchange,c-edits,,
7184,bug,t-stack-exchange,c-edits,,
7222,discussion,t-stack-exchange,c-edits,,
8558,discussion,t-policy,c-edits,,
8584,,t-policy,c-edits,,
8587,support,t-policy,c-edits,,
8637,support,t-policy,c-edits,,
8651,discussion,t-policy,c-edits,,
8861,bug,t-stack-exchange,c-edits,c-notification,
9212,support,t-policy,c-edits,,
9322,feature-request,t-stack-exchange,c-edits,,
9383,support,t-policy,c-edits,,
630,discussion,t-policy,c-edits,c-answer-invalidation,
752,discussion,t-policy,c-edits,c-answer-invalidation,
1033,support,t-policy,c-edits,c-answer-invalidation,
1410,discussion,t-policy,x-other,,
1763,discussion,t-policy,c-edits,c-answer-invalidation,c-iterative-review
1928,support,t-policy,c-edits,c-answer-invalidation,
2375,discussion,t-policy,c-edits,c-answer-invalidation,
3809,discussion,t-policy,c-edits,c-answer-invalidation,
3843,discussion,t-policy,c-edits,c-answer-invalidation,
5412,feature-request,t-stack-exchange,c-edits,c-answer-invalidation,c-help-center
5426,support,t-policy,c-edits,c-answer-invalidation,
5485,support,t-policy,c-edits,c-answer-invalidation,
6040,support,t-policy,c-edits,c-answer-invalidation,
6975,discussion,t-policy,c-edits,c-answer-invalidation,
7051,discussion,t-policy,c-edits,c-answer-invalidation,
7329,support,t-policy,c-edits,c-answer-invalidation,
8618,support,t-policy,c-edits,c-answer-invalidation,
9050,discussion,t-policy,c-edits,c-answer-invalidation,
9185,support,t-policy,c-edits,c-answer-invalidation,
9274,support,t-policy,c-edits,c-answer-invalidation,
9280,support,t-policy,c-edits,c-answer-invalidation,
9320,support,t-policy,c-edits,c-answer-invalidation,
9381,support,t-policy,c-edits,c-answer-invalidation,
722,support,t-policy,c-edits,c-answers,c-review-queues
786,discussion,t-policy,c-edits,c-answers,
6097,discussion,t-policy,c-edits,c-answers,
762,discussion,t-policy,c-edits,c-questions,
1413,discussion,t-policy,c-edits,c-questions,
2329,support,t-policy,c-edits,c-questions,
2523,discussion,t-policy,c-edits,c-questions,
5179,support,t-policy,c-edits,c-questions,
5761,discussion,t-policy,c-edits,c-questions,x-cross-site
5852,support,t-policy,c-edits,c-answer-invalidation,
6014,discussion,t-policy,c-edits,c-questions,
6841,discussion,t-policy,c-edits,c-questions,
6901,support,t-policy,c-edits,c-questions,
8893,support,t-policy,c-edits,c-answer-invalidation,
9112,support,t-policy,c-edits,c-answer-invalidation,
9411,support,t-policy,c-edits,c-questions,
3728,support,t-policy,c-edits,c-questions-ot,
5708,discussion,t-policy,c-edits,c-posts,x-moderation
6003,discussion,t-policy,c-edits,c-posts,
7176,support,t-stack-exchange,x-other,,
7291,discussion,t-policy,c-edits,c-posts,
8539,discussion,t-policy,c-edits,c-posts,x-moderation
8704,support,t-policy,c-edits,c-posts,
8741,support,t-policy,c-edits,c-questions,
8844,discussion,t-policy,c-edits,c-posts,c-site-policy
9433,support,t-stack-exchange,c-edits,c-posts,
406,support,t-stack-exchange,c-flags,,
677,discussion,t-policy,c-flags,,
776,support,t-stack-exchange,c-flags,,
1422,support,t-stack-exchange,c-flags,,
1656,support,t-stack-exchange,c-flags,,
1685,discussion,t-policy,c-flags,,
2049,discussion,t-policy,c-flags,,
2595,support,t-policy,c-flags,c-duplicates,
5181,support,t-stack-exchange,c-flags,,
7068,support,t-policy,c-flags,,
8470,support,t-policy,c-flags,,
8632,support,t-stack-exchange,c-flags,,
947,support,t-policy,c-protect,,
638,support,t-stack-exchange,c-review-queues,,
659,discussion,t-stack-exchange,c-review-queues,,
686,feature-request,t-stack-exchange,c-review-queues,,
1846,support,t-stack-exchange,c-review-queues,,
1946,support,t-policy,c-review-queues,,
2076,support,t-policy,c-review-queues,,
2247,bug,t-stack-exchange,c-review-queues,,
2413,discussion,t-policy,c-review-queues,,
3671,bug,t-stack-exchange,c-review-queues,,
3772,feature-request,t-stack-exchange,c-review-queues,,
3869,feature-request,t-stack-exchange,c-review-queues,c-notification,
5372,support,t-stack-exchange,c-review-queues,c-notification,
6105,discussion,t-stack-exchange,c-review-queues,s-audits,
6868,support,t-policy,c-review-queues,c-answers,
8582,support,t-stack-exchange,c-review-queues,,
8609,discussion,t-policy,c-review-queues,,
9047,discussion,t-policy,c-review-queues,c-flags,
9458,support,t-stack-exchange,c-review-queues,,
1859,discussion,t-scope,c-scope,,
2206,discussion,t-scope,c-scope,,
2363,support,t-policy,c-scope,,
5074,bug,t-stack-exchange,c-scope,,
5859,bug,t-stack-exchange,c-scope,,
6318,support,t-scope,c-scope,,
7077,support,t-scope,c-scope,,
8763,support,t-scope,c-scope,,
472,discussion,t-policy,c-votes,,
612,discussion,t-policy,c-votes,,
642,discussion,t-policy,c-votes,,
818,support,t-policy,c-votes,,
971,discussion,t-policy,c-votes,,
1428,discussion,t-policy,c-votes,,
1467,discussion,t-stack-exchange,c-votes,,
2018,support,t-stack-exchange,c-votes,,
2032,support,t-policy,c-votes,,
2274,discussion,t-policy,c-votes,,
2386,discussion,t-policy,c-votes,,
5315,support,t-policy,c-votes,,
5880,discussion,t-policy,c-votes,,
6615,discussion,t-policy,c-votes,,
6943,discussion,t-policy,c-votes,,
8971,support,t-policy,c-votes,,
5501,support,t-policy,c-privileges,,
5048,support,t-policy,c-privileges,,
6840,support,t-policy,c-privileges,,
226,,,c-tags,s-burnate,
232,,,c-tags,s-burnate,
358,,,c-tags,s-burnate,
571,,,c-tags,s-burnate,
849,,,c-tags,s-burnate,
877,,,c-tags,s-burnate,
988,,,c-tags,s-burnate,
1044,,,c-tags,s-burnate,
1079,,,c-tags,s-burnate,
1263,,,c-tags,s-burnate,
1286,,,c-tags,s-burnate,
1315,,,c-tags,s-burnate,
1453,,,c-tags,s-burnate,
1493,,,c-tags,s-burnate,
1500,,,c-tags,s-burnate,
1503,,,c-tags,s-burnate,
1505,,,c-tags,s-burnate,
1508,,,c-tags,s-burnate,
1555,,,c-tags,s-burnate,
1561,,,c-tags,s-burnate,
1695,,,c-tags,s-burnate,
1987,,,c-tags,s-burnate,
2024,,,c-tags,s-burnate,
2131,,,c-tags,s-burnate,
2139,,,c-tags,s-burnate,
2141,,,c-tags,s-burnate,
2462,,,c-tags,s-burnate,
3673,,,c-tags,s-burnate,
3714,,,c-tags,s-burnate,
3725,,,c-tags,s-burnate,
3738,,,c-tags,s-burnate,
3921,,,c-tags,s-burnate,
4969,,,c-tags,s-burnate,
5031,,,c-tags,s-burnate,
5137,,,c-tags,s-burnate,
5370,,,c-tags,s-burnate,
5434,,,c-tags,s-burnate,
5436,,,c-tags,s-burnate,
5451,,,c-tags,s-burnate,
5488,,,c-tags,s-burnate,
5516,,,c-tags,s-burnate,
5519,,,c-tags,s-burnate,
5566,,,c-tags,s-burnate,
5595,,,c-tags,s-burnate,
5630,,,c-tags,s-burnate,
5654,,,c-tags,s-burnate,
5664,,,c-tags,s-burnate,
5741,,,c-tags,s-burnate,
5751,,,c-tags,s-burnate,
5756,,,c-tags,s-burnate,
5994,,,c-tags,s-burnate,
6062,,,c-tags,s-burnate,
6125,,,c-tags,s-burnate,
6172,,,c-tags,s-burnate,
6545,,,c-tags,s-burnate,
6579,,,c-tags,s-burnate,
6700,,,c-tags,s-burnate,
6875,,,c-tags,s-burnate,
7014,,,c-tags,s-burnate,
7043,,,c-tags,s-burnate,
7321,,,c-tags,s-burnate,
8466,,,c-tags,s-burnate,
8489,,,c-tags,s-burnate,
9139,,,c-tags,s-burnate,
5580,,,c-tags,s-blacklist,
6166,,,c-tags,s-blacklist,
8428,,,c-tags,s-blacklist,
238,,,c-tags,s-create,
378,,,c-tags,s-create,
379,,,c-tags,s-create,
592,,,c-tags,s-create,
627,,,c-tags,s-create,
690,,,c-tags,s-create,
761,,,c-tags,s-create,
858,,,c-tags,s-create,
861,,,c-tags,s-create,
878,,,c-tags,s-create,
897,,,c-tags,s-create,
977,,,c-tags,s-create,
1374,,,c-tags,s-create,
1455,,,c-tags,s-create,
1530,,,c-tags,s-create,
1835,,,c-tags,s-create,
2005,,,c-tags,s-create,
2016,,,c-tags,s-create,
2020,,,c-tags,s-create,
2072,,,c-tags,s-create,
2244,,,c-tags,s-create,
2511,,,c-tags,s-create,
3668,,,c-tags,s-create,
3670,,,c-tags,s-create,
3691,,,c-tags,s-create,
3730,,,c-tags,s-create,
3734,,,c-tags,s-create,
3741,,,c-tags,s-create,
3788,,,c-tags,s-create,
4966,,,c-tags,s-create,
5056,,,c-tags,s-create,
5117,,,c-tags,s-create,
5141,,,c-tags,s-create,
5316,,,c-tags,s-create,
5342,,,c-tags,s-create,
5344,,,c-tags,s-create,
5739,,,c-tags,s-create,
5830,,,c-tags,s-create,
5834,,,c-tags,s-create,
5909,,,c-tags,s-create,
5987,,,c-tags,s-create,
6088,,,c-tags,s-create,
6133,,,c-tags,s-create,
6170,,,c-tags,s-create,
6588,,,c-tags,s-create,
6637,,,c-tags,s-create,
6811,,,c-tags,s-create,
6871,,,c-tags,s-create,
7172,,,c-tags,s-create,
7286,,,c-tags,s-create,
8564,,,c-tags,s-create,
8824,,,c-tags,s-create,
9019,,,c-tags,s-create,
9063,,,c-tags,s-create,
9088,,,c-tags,s-create,
9107,,,c-tags,s-create,
9169,,,c-tags,s-create,
9175,,,c-tags,s-create,
9195,,,c-tags,s-create,
9305,,,c-tags,s-create,
295,,,c-tags,s-synonym,
297,,,c-tags,s-synonym,
321,,,c-tags,s-synonym,
898,,,c-tags,s-synonym,
940,,,c-tags,s-synonym,
968,,,c-tags,s-synonym,
980,,,c-tags,s-synonym,
1048,,,c-tags,s-synonym,
1051,,,c-tags,s-synonym,
1059,,,c-tags,s-synonym,
1614,,,c-tags,s-synonym,
1715,,,c-tags,s-synonym,
1752,,,c-tags,s-synonym,
1854,,,c-tags,s-synonym,
1944,,,c-tags,s-synonym,
2040,,,c-tags,s-synonym,
2168,,,c-tags,s-synonym,
3692,,,c-tags,s-synonym,
5041,,,c-tags,s-synonym,
5280,,,c-tags,s-synonym,
5594,,,c-tags,s-synonym,
5645,,,c-tags,s-synonym,
5699,,,c-tags,s-synonym,
5742,,,c-tags,s-synonym,
5794,,,c-tags,s-synonym,
5805,,,c-tags,s-synonym,
6047,,,c-tags,s-synonym,
6093,,,c-tags,s-synonym,
6129,,,c-tags,s-synonym,
6137,,,c-tags,s-synonym,
6168,,,c-tags,s-synonym,
6592,,,c-tags,s-synonym,
7317,,,c-tags,s-synonym,
8407,,,c-tags,s-synonym,
8469,,,c-tags,s-synonym,
8739,,,c-tags,s-synonym,
8765,,,c-tags,s-synonym,
8820,,,c-tags,s-synonym,
8864,,,c-tags,s-synonym,
8969,,,c-tags,s-synonym,
9450,,,c-tags,s-synonym,
860,,,c-tags,s-merge,
1390,,,c-tags,s-merge,
1519,,,c-tags,s-merge,
822,,,c-tags,s-rename,
1418,,,c-tags,s-rename,
1658,,,c-tags,s-rename,
1914,,,c-tags,s-rename,
6033,,,c-tags,s-rename,
8417,,,c-tags,s-rename,
9205,,,c-tags,s-rename,
9318,,,c-tags,s-rename,
9418,,,c-tags,s-rename,
567,,,c-tags,s-wiki,
828,,,c-tags,s-wiki,
847,,,c-tags,s-wiki,
1412,,,c-tags,s-wiki,
3674,,,c-tags,s-wiki,
5514,,,c-tags,s-wiki,
5827,,,c-tags,s-wiki,
1819,,,c-tags,s-usage,
1985,,,c-tags,s-usage,
2219,,,c-tags,s-usage,
2252,,,c-tags,s-usage,
2581,,,c-tags,s-usage,
3833,,,c-tags,s-usage,
3892,,,c-tags,s-usage,
3917,,,c-tags,s-usage,
4979,,,c-tags,s-usage,
5060,,,c-tags,s-usage,
5282,,,c-tags,s-usage,
5560,,,c-tags,s-usage,
5840,,,c-tags,s-usage,
5937,,,c-tags,s-usage,
6044,,,c-tags,s-usage,
6205,,,c-tags,s-usage,
6582,,,c-tags,s-usage,
6631,,,c-tags,s-usage,
6642,,,c-tags,s-usage,
7007,,,c-tags,s-usage,
7022,,,c-tags,s-usage,
7024,,,c-tags,s-usage,
7089,,,c-tags,s-usage,
8951,,,c-tags,s-usage,
8991,,,c-tags,s-usage,
9031,,,c-tags,s-usage,
9327,,,c-tags,s-usage,
1694,,,c-tags,s-cleanup,
3753,,,c-tags,s-cleanup,
5071,,,c-tags,s-cleanup,
5600,,,c-tags,s-cleanup,
6846,,,c-tags,s-cleanup,
9082,,,c-tags,s-cleanup,
10474,,,c-tags,s-cleanup,
701,,,c-tags,,
2012,,,c-tags,,
2083,,,c-tags,,
2090,,,c-tags,,
2503,,,c-tags,,
3680,,,c-tags,,
6982,,,c-tags,,
7270,,,c-tags,,
8426,,,c-tags,,
8963,,,c-tags,,
9077,,,c-tags,,
439,,,c-tags,,
443,,,c-tags,,
1496,,,c-tags,,
3745,,,c-tags,,
5224,,,c-tags,,
5648,,,c-tags,,
7034,,,c-tags,,
749,,,c-comparative-review,,
1773,,,c-comparative-review,,
1942,,,c-comparative-review,,
2304,,,c-comparative-review,,
5160,,,c-comparative-review,,
5625,,,c-comparative-review,,
5863,,,c-comparative-review,,
6640,,,c-comparative-review,,
9353,,,c-comparative-review,,
546,,,c-insightful-observation,,
855,,,c-insightful-observation,,
1463,,,c-insightful-observation,,
7225,,,c-insightful-observation,,
9308,,,c-insightful-observation,,
185,,,c-iterative-review,,
187,,,c-iterative-review,,
590,,,c-iterative-review,,
651,,,c-iterative-review,,
845,,,c-iterative-review,,
1065,,,c-iterative-review,,
2215,,,c-iterative-review,,
3639,,,c-iterative-review,,
5072,,,c-iterative-review,,
5107,,,c-iterative-review,,
5177,,,c-iterative-review,,
5272,,,c-iterative-review,,
5509,,,c-iterative-review,,
5524,,,c-iterative-review,,
5895,,,c-iterative-review,,
5934,,,c-iterative-review,,
6050,,,c-iterative-review,,
6117,,,c-iterative-review,,
6813,,,c-iterative-review,,
6852,,,c-iterative-review,,
6999,,,c-iterative-review,,
7215,,,c-iterative-review,,
7252,,,c-iterative-review,,
8372,,,c-iterative-review,,
8412,,,c-iterative-review,,
8495,,,c-iterative-review,,
8503,,,c-iterative-review,,
8590,,,c-iterative-review,,
8899,,,c-iterative-review,,
8932,,,c-iterative-review,,
9098,,,c-iterative-review,,
9109,,,c-iterative-review,,
9263,,,c-iterative-review,,
87,,,c-migration,,
102,,,c-migration,,
275,,,c-migration,,
279,,,c-migration,,
282,,,c-migration,,
341,,,c-migration,,
415,,,c-migration,,
581,,,c-migration,,
624,,,c-migration,,
718,,,c-migration,,
902,,,c-migration,,
1205,,,c-migration,,
1277,,,c-migration,,
1601,,,c-migration,,
1661,,,c-migration,,
1687,,,c-migration,,
1964,,,c-migration,,
2259,,,c-migration,,
3763,,,c-migration,,
4929,,,c-migration,,
4948,,,c-migration,,
5190,,,c-migration,,
5798,,,c-migration,,
5860,,,c-migration,,
6144,,,c-migration,,
6141,,,c-migration,,
6149,,,c-migration,,
6157,,,c-migration,,
6310,,,c-migration,,
6719,,,c-migration,,
6791,,,c-migration,,
6971,,,c-migration,,
8858,,,c-migration,,
564,,,x-moderation,c-answers,
2282,,,x-moderation,s-moderators,
579,,,x-moderation,s-questions-ot,
808,,,x-moderation,s-questions-ot,
1446,,,x-moderation,s-questions-ot,
1640,,,x-moderation,s-questions-ot,
3646,,,x-moderation,s-questions-ot,
2201,,,x-moderation,,
9314,,,x-moderation,,
676,,,c-multi-language,,
1970,,,c-multi-language,,
2441,,,c-multi-language,,
6127,,,c-multi-language,,
8935,,,c-multi-language,,
402,,,c-site-policy,,
1669,,,c-site-policy,,
5464,,,c-site-policy,,
562,,,c-site-policy,,
636,,,c-site-policy,,
850,,,c-site-policy,,
1897,,,c-site-policy,,
2473,,,c-site-policy,,
3828,,,c-site-policy,,
5376,,,c-site-policy,,
5471,,,c-site-policy,,
5749,,,c-site-policy,,
5766,,,c-site-policy,,
6305,,,c-site-policy,,
6676,,,c-site-policy,,
6931,,,c-site-policy,,
7085,,,c-site-policy,,
7217,,,c-site-policy,,
8562,,,c-site-policy,,
8593,,,c-site-policy,,
8773,,,c-site-policy,,
9060,,,c-site-policy,,
9131,,,c-site-policy,,
9164,,,c-site-policy,,
9171,,,c-site-policy,,
9177,,,c-site-policy,,
9209,,,c-site-policy,,
9220,,,c-site-policy,,
9243,,,c-site-policy,,
9420,,,c-site-policy,,
